{
  "luis_schema_version": "3.2.0",
  "versionId": "0.1",
  "name": "Life-Science",
  "desc": "",
  "culture": "en-us",
  "tokenizerVersion": "1.0.0",
  "intents": [{
      "name": "Exit"
    },
    {
      "name": "Medical Representative"
    },
    {
      "name": "None"
    },
    {
      "name": "Report Effect"
    },
    {
      "name": "Request Sample"
    },
    {
      "name": "Welcome"
    }
  ],
  "entities": [{
      "name": "Medicine",
      "roles": []
    },
    {
      "name": "Quantity",
      "roles": []
    }
  ],
  "composites": [],
  "closedLists": [],
  "patternAnyEntities": [],
  "regex_entities": [],
  "prebuiltEntities": [{
    "name": "number",
    "roles": []
  }],
  "model_features": [],
  "regex_features": [],
  "patterns": [],
  "utterances": [{
      "text": "15 samples of aimovig",
      "intent": "Request Sample",
      "entities": [{
        "entity": "Medicine",
        "startPos": 14,
        "endPos": 20
      }]
    },
    {
      "text": "after taking this medicine i got ill",
      "intent": "Report Effect",
      "entities": []
    },
    {
      "text": "bye",
      "intent": "Exit",
      "entities": []
    },
    {
      "text": "bye-bye",
      "intent": "Exit",
      "entities": []
    },
    {
      "text": "can i ask something from mr",
      "intent": "Medical Representative",
      "entities": []
    },
    {
      "text": "can you fix an appointment with mr for me",
      "intent": "Medical Representative",
      "entities": []
    },
    {
      "text": "can you give me medicine sample",
      "intent": "Request Sample",
      "entities": [{
        "entity": "Medicine",
        "startPos": 16,
        "endPos": 23
      }]
    },
    {
      "text": "can you help me to fix an appointment with mr",
      "intent": "Medical Representative",
      "entities": []
    },
    {
      "text": "catch you later",
      "intent": "Exit",
      "entities": []
    },
    {
      "text": "could you please help me with sample medicines",
      "intent": "Request Sample",
      "entities": []
    },
    {
      "text": "do you have an agent with whom i can meet and ask my queries",
      "intent": "Medical Representative",
      "entities": []
    },
    {
      "text": "effects after using medicine",
      "intent": "Report Effect",
      "entities": []
    },
    {
      "text": "good afternoon",
      "intent": "Welcome",
      "entities": []
    },
    {
      "text": "good day",
      "intent": "Exit",
      "entities": []
    },
    {
      "text": "good evening",
      "intent": "Welcome",
      "entities": []
    },
    {
      "text": "good morning",
      "intent": "Welcome",
      "entities": []
    },
    {
      "text": "have a nice day",
      "intent": "Exit",
      "entities": []
    },
    {
      "text": "hello",
      "intent": "Welcome",
      "entities": []
    },
    {
      "text": "hello world",
      "intent": "Welcome",
      "entities": []
    },
    {
      "text": "help me with some medicine samples",
      "intent": "Request Sample",
      "entities": []
    },
    {
      "text": "hey",
      "intent": "Welcome",
      "entities": []
    },
    {
      "text": "hi",
      "intent": "Welcome",
      "entities": []
    },
    {
      "text": "hi there",
      "intent": "Welcome",
      "entities": []
    },
    {
      "text": "hi-ya",
      "intent": "Welcome",
      "entities": []
    },
    {
      "text": "how are you",
      "intent": "Welcome",
      "entities": []
    },
    {
      "text": "i am having some issues with the sample",
      "intent": "Report Effect",
      "entities": []
    },
    {
      "text": "i am suffering with high fever",
      "intent": "Report Effect",
      "entities": []
    },
    {
      "text": "i have adverse effects by using some medicine",
      "intent": "Report Effect",
      "entities": []
    },
    {
      "text": "i have been suffering from fever after taking this medicine",
      "intent": "Report Effect",
      "entities": []
    },
    {
      "text": "i have illness and i would like to report",
      "intent": "Report Effect",
      "entities": []
    },
    {
      "text": "i have illness by using some medicine",
      "intent": "Report Effect",
      "entities": []
    },
    {
      "text": "i have issues with lyrica",
      "intent": "Report Effect",
      "entities": []
    },
    {
      "text": "i have serious illness and i want to report",
      "intent": "Report Effect",
      "entities": []
    },
    {
      "text": "i have some side effects after taking this medicine",
      "intent": "Report Effect",
      "entities": []
    },
    {
      "text": "i need 10 samples of lyrica",
      "intent": "Request Sample",
      "entities": [{
        "entity": "Medicine",
        "startPos": 21,
        "endPos": 26
      }]
    },
    {
      "text": "i need medical representative",
      "intent": "Medical Representative",
      "entities": []
    },
    {
      "text": "i need medicine",
      "intent": "Request Sample",
      "entities": []
    },
    {
      "text": "i need sample medicines",
      "intent": "Request Sample",
      "entities": []
    },
    {
      "text": "i need some medicine samples",
      "intent": "Request Sample",
      "entities": []
    },
    {
      "text": "i need some sample medicines",
      "intent": "Request Sample",
      "entities": []
    },
    {
      "text": "i need to report some problems i am facing",
      "intent": "Report Effect",
      "entities": []
    },
    {
      "text": "i want some medicines",
      "intent": "Request Sample",
      "entities": [{
        "entity": "Medicine",
        "startPos": 12,
        "endPos": 20
      }]
    },
    {
      "text": "i want to fix an appointment with an mr",
      "intent": "Medical Representative",
      "entities": []
    },
    {
      "text": "i want to give order for some medicines",
      "intent": "Request Sample",
      "entities": []
    },
    {
      "text": "i want to give order for some sample medicine",
      "intent": "Request Sample",
      "entities": []
    },
    {
      "text": "i want to make a complaint",
      "intent": "Report Effect",
      "entities": []
    },
    {
      "text": "i want to meet mr",
      "intent": "Medical Representative",
      "entities": []
    },
    {
      "text": "i want to report about ultracet",
      "intent": "Report Effect",
      "entities": []
    },
    {
      "text": "i want to report an effect",
      "intent": "Report Effect",
      "entities": []
    },
    {
      "text": "i want to request a sample",
      "intent": "Request Sample",
      "entities": []
    },
    {
      "text": "i want to request for a medicine",
      "intent": "Request Sample",
      "entities": []
    },
    {
      "text": "i want to request some medicines for a sample purpose",
      "intent": "Request Sample",
      "entities": []
    },
    {
      "text": "i was wondering if i can have a mr for me",
      "intent": "Medical Representative",
      "entities": []
    },
    {
      "text": "i was wondering if you can provide me some sample medicines",
      "intent": "Request Sample",
      "entities": []
    },
    {
      "text": "i wish i can meet with a mr",
      "intent": "Medical Representative",
      "entities": []
    },
    {
      "text": "it was nice talk with you thank you",
      "intent": "Exit",
      "entities": []
    },
    {
      "text": "nice talk with you",
      "intent": "Exit",
      "entities": []
    },
    {
      "text": "please fix an appointment with mr",
      "intent": "Medical Representative",
      "entities": []
    },
    {
      "text": "please give me 50mg of ultracet",
      "intent": "Request Sample",
      "entities": [{
          "entity": "Quantity",
          "startPos": 15,
          "endPos": 18
        },
        {
          "entity": "Medicine",
          "startPos": 23,
          "endPos": 30
        }
      ]
    },
    {
      "text": "please help me with an agent",
      "intent": "Medical Representative",
      "entities": []
    },
    {
      "text": "report effect",
      "intent": "Report Effect",
      "entities": []
    },
    {
      "text": "request sample of aimovig of 20mg",
      "intent": "Request Sample",
      "entities": [{
          "entity": "Medicine",
          "startPos": 18,
          "endPos": 24
        },
        {
          "entity": "Quantity",
          "startPos": 29,
          "endPos": 32
        }
      ]
    },
    {
      "text": "request sample of lyrica",
      "intent": "Request Sample",
      "entities": [{
        "entity": "Medicine",
        "startPos": 18,
        "endPos": 23
      }]
    },
    {
      "text": "sample of 100mg",
      "intent": "Request Sample",
      "entities": [{
        "entity": "Quantity",
        "startPos": 10,
        "endPos": 14
      }]
    },
    {
      "text": "sample of aranesp",
      "intent": "Request Sample",
      "entities": [{
        "entity": "Medicine",
        "startPos": 10,
        "endPos": 16
      }]
    },
    {
      "text": "see you soon",
      "intent": "Exit",
      "entities": []
    },
    {
      "text": "talk to you later",
      "intent": "Exit",
      "entities": []
    },
    {
      "text": "tata",
      "intent": "Exit",
      "entities": []
    },
    {
      "text": "thank you",
      "intent": "Exit",
      "entities": []
    },
    {
      "text": "this is allergetic medicine for me",
      "intent": "Report Effect",
      "entities": []
    },
    {
      "text": "this medicine caused adverse effect on me",
      "intent": "Report Effect",
      "entities": []
    },
    {
      "text": "this medicine did not work for me as i am having side effects",
      "intent": "Report Effect",
      "entities": []
    },
    {
      "text": "this ultracet sample is having side effects",
      "intent": "Report Effect",
      "entities": []
    },
    {
      "text": "what's up",
      "intent": "Welcome",
      "entities": []
    }
  ],
  "settings": []
}